,id,datetime_end,label
0,1,2023-03-01 20:00:00+00:00,0
0,2,2023-03-02 01:00:00+00:00,0
0,3,2023-03-02 06:00:00+00:00,0
0,4,2023-03-02 11:00:00+00:00,0
0,5,2023-03-02 16:00:00+00:00,0
0,6,2023-03-02 21:00:00+00:00,0
0,7,2023-03-03 02:00:00+00:00,0
0,8,2023-03-03 07:00:00+00:00,0
0,9,2023-03-03 12:00:00+00:00,0
0,10,2023-03-03 17:00:00+00:00,0
0,11,2023-03-03 22:00:00+00:00,1
0,12,2023-03-04 03:00:00+00:00,0
0,13,2023-03-04 08:00:00+00:00,1
0,14,2023-03-04 13:00:00+00:00,1
0,15,2023-03-04 18:00:00+00:00,1
0,16,2023-03-04 23:00:00+00:00,1
0,17,2023-03-05 04:00:00+00:00,1
0,18,2023-03-05 09:00:00+00:00,1
0,19,2023-03-05 14:00:00+00:00,0
0,20,2023-03-05 19:00:00+00:00,1
0,21,2023-03-06 00:00:00+00:00,0
0,22,2023-03-06 05:00:00+00:00,1
0,23,2023-03-06 10:00:00+00:00,1
0,24,2023-03-06 15:00:00+00:00,0
0,25,2023-03-06 20:00:00+00:00,0
0,26,2023-03-07 01:00:00+00:00,0
0,27,2023-03-07 06:00:00+00:00,0
0,28,2023-03-07 11:00:00+00:00,0
0,29,2023-03-07 16:00:00+00:00,0
0,30,2023-03-07 21:00:00+00:00,0
0,31,2023-03-08 02:00:00+00:00,0
0,32,2023-03-08 07:00:00+00:00,0
0,33,2023-03-08 12:00:00+00:00,0
0,34,2023-03-08 17:00:00+00:00,0
0,35,2023-03-08 22:00:00+00:00,0
0,36,2023-03-09 03:00:00+00:00,0
0,37,2023-03-09 08:00:00+00:00,0
0,38,2023-03-09 13:00:00+00:00,0
0,39,2023-03-09 18:00:00+00:00,0
0,40,2023-03-09 23:00:00+00:00,0
0,41,2023-03-10 04:00:00+00:00,1
0,42,2023-03-10 09:00:00+00:00,1
0,43,2023-03-10 14:00:00+00:00,1
0,44,2023-03-10 19:00:00+00:00,1
0,45,2023-03-11 00:00:00+00:00,1
0,46,2023-03-11 05:00:00+00:00,1
0,47,2023-03-11 10:00:00+00:00,1
0,48,2023-03-11 15:00:00+00:00,1
0,49,2023-03-11 20:00:00+00:00,1
0,50,2023-03-12 01:00:00+00:00,1
0,51,2023-03-12 06:00:00+00:00,1
0,52,2023-03-12 11:00:00+00:00,1
0,53,2023-03-12 16:00:00+00:00,1
0,54,2023-03-12 21:00:00+00:00,1
0,55,2023-03-13 02:00:00+00:00,1
0,56,2023-03-13 07:00:00+00:00,1
0,57,2023-03-13 12:00:00+00:00,1
0,58,2023-03-13 17:00:00+00:00,1
0,59,2023-03-13 22:00:00+00:00,1
0,60,2023-03-14 03:00:00+00:00,1
0,61,2023-03-14 08:00:00+00:00,1
0,62,2023-03-14 13:00:00+00:00,0
0,63,2023-03-14 18:00:00+00:00,0
0,64,2023-03-14 23:00:00+00:00,0
0,65,2023-03-15 04:00:00+00:00,0
0,66,2023-03-15 09:00:00+00:00,0
0,67,2023-03-15 14:00:00+00:00,1
0,68,2023-03-15 19:00:00+00:00,1
0,69,2023-03-16 00:00:00+00:00,1
0,70,2023-03-16 05:00:00+00:00,1
0,71,2023-03-16 10:00:00+00:00,1
0,72,2023-03-16 15:00:00+00:00,1
0,73,2023-03-16 20:00:00+00:00,1
0,74,2023-03-17 01:00:00+00:00,1
0,75,2023-03-17 06:00:00+00:00,1
0,76,2023-03-17 11:00:00+00:00,1
0,77,2023-03-17 16:00:00+00:00,1
0,78,2023-03-17 21:00:00+00:00,1
0,79,2023-03-18 02:00:00+00:00,0
0,80,2023-03-18 07:00:00+00:00,0
0,81,2023-03-18 12:00:00+00:00,0
0,82,2023-03-18 17:00:00+00:00,0
0,83,2023-03-18 22:00:00+00:00,1
0,84,2023-03-19 03:00:00+00:00,1
0,85,2023-03-19 08:00:00+00:00,1
0,86,2023-03-19 13:00:00+00:00,1
0,87,2023-03-19 18:00:00+00:00,0
0,88,2023-03-19 23:00:00+00:00,0
0,89,2023-03-20 04:00:00+00:00,1
0,90,2023-03-20 09:00:00+00:00,0
0,91,2023-03-20 14:00:00+00:00,0
0,92,2023-03-20 19:00:00+00:00,1
0,93,2023-03-21 00:00:00+00:00,1
0,94,2023-03-21 05:00:00+00:00,1
0,95,2023-03-21 10:00:00+00:00,1
0,96,2023-03-21 15:00:00+00:00,1
0,97,2023-03-21 20:00:00+00:00,1
0,98,2023-03-22 01:00:00+00:00,0
0,99,2023-03-22 06:00:00+00:00,0
0,100,2023-03-22 11:00:00+00:00,0
0,101,2023-03-22 16:00:00+00:00,0
0,102,2023-03-22 21:00:00+00:00,1
0,103,2023-03-23 02:00:00+00:00,1
0,104,2023-03-23 07:00:00+00:00,1
0,105,2023-03-23 12:00:00+00:00,1
0,106,2023-03-23 17:00:00+00:00,0
0,107,2023-03-23 22:00:00+00:00,0
0,108,2023-03-24 03:00:00+00:00,0
0,109,2023-03-24 08:00:00+00:00,0
0,110,2023-03-24 13:00:00+00:00,0
0,111,2023-03-24 18:00:00+00:00,0
0,112,2023-03-24 23:00:00+00:00,0
0,113,2023-03-25 04:00:00+00:00,0
0,114,2023-03-25 09:00:00+00:00,1
0,115,2023-03-25 14:00:00+00:00,1
0,116,2023-03-25 19:00:00+00:00,1
0,117,2023-03-26 00:00:00+00:00,1
0,118,2023-03-26 05:00:00+00:00,1
0,119,2023-03-26 10:00:00+00:00,1
0,120,2023-03-26 15:00:00+00:00,1
0,121,2023-03-26 20:00:00+00:00,0
0,122,2023-03-27 01:00:00+00:00,0
0,123,2023-03-27 06:00:00+00:00,0
0,124,2023-03-27 11:00:00+00:00,0
0,125,2023-03-27 16:00:00+00:00,0
0,126,2023-03-27 21:00:00+00:00,0
0,127,2023-03-28 02:00:00+00:00,1
0,128,2023-03-28 07:00:00+00:00,1
0,129,2023-03-28 12:00:00+00:00,1
0,130,2023-03-28 17:00:00+00:00,1
0,131,2023-03-28 22:00:00+00:00,1
0,132,2023-03-29 03:00:00+00:00,1
0,133,2023-03-29 08:00:00+00:00,1
0,134,2023-03-29 13:00:00+00:00,1
0,135,2023-03-29 18:00:00+00:00,1
0,136,2023-03-29 23:00:00+00:00,0
0,137,2023-03-30 04:00:00+00:00,0
0,138,2023-03-30 09:00:00+00:00,0
0,139,2023-03-30 14:00:00+00:00,0
0,140,2023-03-30 19:00:00+00:00,1
0,141,2023-03-31 00:00:00+00:00,1
0,142,2023-03-31 05:00:00+00:00,1
0,143,2023-03-31 10:00:00+00:00,1
0,144,2023-03-31 15:00:00+00:00,0
0,145,2023-03-31 20:00:00+00:00,0
0,146,2023-04-01 01:00:00+00:00,0
0,147,2023-04-01 06:00:00+00:00,0
0,148,2023-04-01 11:00:00+00:00,1
0,149,2023-04-01 16:00:00+00:00,0
0,150,2023-04-01 21:00:00+00:00,0
0,151,2023-04-02 02:00:00+00:00,0
0,152,2023-04-02 07:00:00+00:00,0
0,153,2023-04-02 12:00:00+00:00,1
0,154,2023-04-02 17:00:00+00:00,1
0,155,2023-04-02 22:00:00+00:00,1
0,156,2023-04-03 03:00:00+00:00,1
0,157,2023-04-03 08:00:00+00:00,0
0,158,2023-04-03 13:00:00+00:00,0
0,159,2023-04-03 18:00:00+00:00,0
0,160,2023-04-03 23:00:00+00:00,1
0,161,2023-04-04 04:00:00+00:00,1
0,162,2023-04-04 09:00:00+00:00,1
0,163,2023-04-04 14:00:00+00:00,1
0,164,2023-04-04 19:00:00+00:00,0
0,165,2023-04-05 00:00:00+00:00,0
0,166,2023-04-05 05:00:00+00:00,0
0,167,2023-04-05 10:00:00+00:00,0
0,168,2023-04-05 15:00:00+00:00,0
0,169,2023-04-05 20:00:00+00:00,0
0,170,2023-04-06 01:00:00+00:00,0
0,171,2023-04-06 06:00:00+00:00,0
0,172,2023-04-06 11:00:00+00:00,0
0,173,2023-04-06 16:00:00+00:00,0
0,174,2023-04-06 21:00:00+00:00,0
0,175,2023-04-07 02:00:00+00:00,0
0,176,2023-04-07 07:00:00+00:00,1
0,177,2023-04-07 12:00:00+00:00,1
0,178,2023-04-07 17:00:00+00:00,1
0,179,2023-04-07 22:00:00+00:00,0
0,180,2023-04-08 03:00:00+00:00,0
0,181,2023-04-08 08:00:00+00:00,1
0,182,2023-04-08 13:00:00+00:00,0
0,183,2023-04-08 18:00:00+00:00,0
0,184,2023-04-08 23:00:00+00:00,1
0,185,2023-04-09 04:00:00+00:00,1
0,186,2023-04-09 09:00:00+00:00,1
0,187,2023-04-09 14:00:00+00:00,1
0,188,2023-04-09 19:00:00+00:00,1
0,189,2023-04-10 00:00:00+00:00,1
0,190,2023-04-10 05:00:00+00:00,1
0,191,2023-04-10 10:00:00+00:00,1
0,192,2023-04-10 15:00:00+00:00,1
0,193,2023-04-10 20:00:00+00:00,1
0,194,2023-04-11 01:00:00+00:00,0
0,195,2023-04-11 06:00:00+00:00,0
0,196,2023-04-11 11:00:00+00:00,0
0,197,2023-04-11 16:00:00+00:00,1
0,198,2023-04-11 21:00:00+00:00,0
0,199,2023-04-12 02:00:00+00:00,0
0,200,2023-04-12 07:00:00+00:00,1
0,201,2023-04-12 12:00:00+00:00,1
0,202,2023-04-12 17:00:00+00:00,1
0,203,2023-04-12 22:00:00+00:00,1
0,204,2023-04-13 03:00:00+00:00,1
0,205,2023-04-13 08:00:00+00:00,1
0,206,2023-04-13 13:00:00+00:00,1
0,207,2023-04-13 18:00:00+00:00,1
0,208,2023-04-13 23:00:00+00:00,0
0,209,2023-04-14 04:00:00+00:00,0
0,210,2023-04-14 09:00:00+00:00,0
0,211,2023-04-14 14:00:00+00:00,0
0,212,2023-04-14 19:00:00+00:00,1
0,213,2023-04-15 00:00:00+00:00,0
0,214,2023-04-15 05:00:00+00:00,0
0,215,2023-04-15 10:00:00+00:00,0
0,216,2023-04-15 15:00:00+00:00,0
0,217,2023-04-15 20:00:00+00:00,1
0,218,2023-04-16 01:00:00+00:00,1
0,219,2023-04-16 06:00:00+00:00,0
0,220,2023-04-16 11:00:00+00:00,0
0,221,2023-04-16 16:00:00+00:00,0
0,222,2023-04-16 21:00:00+00:00,0
0,223,2023-04-17 02:00:00+00:00,0
0,224,2023-04-17 07:00:00+00:00,0
0,225,2023-04-17 12:00:00+00:00,1
0,226,2023-04-17 17:00:00+00:00,1
0,227,2023-04-17 22:00:00+00:00,1
0,228,2023-04-18 03:00:00+00:00,1
0,229,2023-04-18 08:00:00+00:00,1
0,230,2023-04-18 13:00:00+00:00,0
0,231,2023-04-18 18:00:00+00:00,0
0,232,2023-04-18 23:00:00+00:00,0
0,233,2023-04-19 04:00:00+00:00,0
0,234,2023-04-19 09:00:00+00:00,0
0,235,2023-04-19 14:00:00+00:00,0
0,236,2023-04-19 19:00:00+00:00,0
0,237,2023-04-20 00:00:00+00:00,0
0,238,2023-04-20 05:00:00+00:00,0
0,239,2023-04-20 10:00:00+00:00,0
0,240,2023-04-20 15:00:00+00:00,0
0,241,2023-04-20 20:00:00+00:00,0
0,242,2023-04-21 01:00:00+00:00,0
0,243,2023-04-21 06:00:00+00:00,0
0,244,2023-04-21 11:00:00+00:00,0
0,245,2023-04-21 16:00:00+00:00,0
0,246,2023-04-21 21:00:00+00:00,1
0,247,2023-04-22 02:00:00+00:00,1
0,248,2023-04-22 07:00:00+00:00,1
0,249,2023-04-22 12:00:00+00:00,1
0,250,2023-04-22 17:00:00+00:00,0
0,251,2023-04-22 22:00:00+00:00,0
0,252,2023-04-23 03:00:00+00:00,1
0,253,2023-04-23 08:00:00+00:00,0
0,254,2023-04-23 13:00:00+00:00,0
0,255,2023-04-23 18:00:00+00:00,0
0,256,2023-04-23 23:00:00+00:00,0
0,257,2023-04-24 04:00:00+00:00,0
0,258,2023-04-24 09:00:00+00:00,1
0,259,2023-04-24 14:00:00+00:00,0
0,260,2023-04-24 19:00:00+00:00,0
0,261,2023-04-25 00:00:00+00:00,1
0,262,2023-04-25 05:00:00+00:00,1
0,263,2023-04-25 10:00:00+00:00,1
0,264,2023-04-25 15:00:00+00:00,1
0,265,2023-04-25 20:00:00+00:00,1
0,266,2023-04-26 01:00:00+00:00,1
0,267,2023-04-26 06:00:00+00:00,1
0,268,2023-04-26 11:00:00+00:00,0
0,269,2023-04-26 16:00:00+00:00,0
0,270,2023-04-26 21:00:00+00:00,1
0,271,2023-04-27 02:00:00+00:00,1
0,272,2023-04-27 07:00:00+00:00,1
0,273,2023-04-27 12:00:00+00:00,1
0,274,2023-04-27 17:00:00+00:00,0
0,275,2023-04-27 22:00:00+00:00,0
0,276,2023-04-28 03:00:00+00:00,0
0,277,2023-04-28 08:00:00+00:00,1
0,278,2023-04-28 13:00:00+00:00,1
0,279,2023-04-28 18:00:00+00:00,1
0,280,2023-04-28 23:00:00+00:00,0
0,281,2023-04-29 04:00:00+00:00,0
0,282,2023-04-29 09:00:00+00:00,0
0,283,2023-04-29 14:00:00+00:00,0
0,284,2023-04-29 19:00:00+00:00,1
0,285,2023-04-30 00:00:00+00:00,1
0,286,2023-04-30 05:00:00+00:00,0
0,287,2023-04-30 10:00:00+00:00,0
0,288,2023-04-30 15:00:00+00:00,0
0,289,2023-04-30 20:00:00+00:00,0
0,290,2023-05-01 01:00:00+00:00,0
0,291,2023-05-01 06:00:00+00:00,0
0,292,2023-05-01 11:00:00+00:00,0
0,293,2023-05-01 16:00:00+00:00,0
0,294,2023-05-01 21:00:00+00:00,1
0,295,2023-05-02 02:00:00+00:00,1
0,296,2023-05-02 07:00:00+00:00,1
0,297,2023-05-02 12:00:00+00:00,1
0,298,2023-05-02 17:00:00+00:00,0
0,299,2023-05-02 22:00:00+00:00,0
0,300,2023-05-03 03:00:00+00:00,1
0,301,2023-05-03 08:00:00+00:00,1
0,302,2023-05-03 13:00:00+00:00,1
0,303,2023-05-03 18:00:00+00:00,1
0,304,2023-05-03 23:00:00+00:00,0
0,305,2023-05-04 04:00:00+00:00,0
0,306,2023-05-04 09:00:00+00:00,1
0,307,2023-05-04 14:00:00+00:00,1
0,308,2023-05-04 19:00:00+00:00,1
0,309,2023-05-05 00:00:00+00:00,1
0,310,2023-05-05 05:00:00+00:00,1
0,311,2023-05-05 10:00:00+00:00,1
0,312,2023-05-05 15:00:00+00:00,0
0,313,2023-05-05 20:00:00+00:00,0
0,314,2023-05-06 01:00:00+00:00,0
0,315,2023-05-06 06:00:00+00:00,0
0,316,2023-05-06 11:00:00+00:00,0
0,317,2023-05-06 16:00:00+00:00,1
0,318,2023-05-06 21:00:00+00:00,1
0,319,2023-05-07 02:00:00+00:00,0
0,320,2023-05-07 07:00:00+00:00,0
0,321,2023-05-07 12:00:00+00:00,0
0,322,2023-05-07 17:00:00+00:00,0
0,323,2023-05-07 22:00:00+00:00,0
0,324,2023-05-08 03:00:00+00:00,0
0,325,2023-05-08 08:00:00+00:00,0
0,326,2023-05-08 13:00:00+00:00,0
0,327,2023-05-08 18:00:00+00:00,1
0,328,2023-05-08 23:00:00+00:00,1
0,329,2023-05-09 04:00:00+00:00,1
0,330,2023-05-09 09:00:00+00:00,1
0,331,2023-05-09 14:00:00+00:00,1
0,332,2023-05-09 19:00:00+00:00,1
0,333,2023-05-10 00:00:00+00:00,1
0,334,2023-05-10 05:00:00+00:00,0
0,335,2023-05-10 10:00:00+00:00,0
0,336,2023-05-10 15:00:00+00:00,0
0,337,2023-05-10 20:00:00+00:00,0
0,338,2023-05-11 01:00:00+00:00,0
0,339,2023-05-11 06:00:00+00:00,0
0,340,2023-05-11 11:00:00+00:00,0
0,341,2023-05-11 16:00:00+00:00,0
0,342,2023-05-11 21:00:00+00:00,0
0,343,2023-05-12 02:00:00+00:00,1
0,344,2023-05-12 07:00:00+00:00,1
0,345,2023-05-12 12:00:00+00:00,1
0,346,2023-05-12 17:00:00+00:00,1
0,347,2023-05-12 22:00:00+00:00,1
0,348,2023-05-13 03:00:00+00:00,0
0,349,2023-05-13 08:00:00+00:00,1
0,350,2023-05-13 13:00:00+00:00,1
0,351,2023-05-13 18:00:00+00:00,1
0,352,2023-05-13 23:00:00+00:00,1
0,353,2023-05-14 04:00:00+00:00,0
0,354,2023-05-14 09:00:00+00:00,1
0,355,2023-05-14 14:00:00+00:00,1
0,356,2023-05-14 19:00:00+00:00,1
0,357,2023-05-15 00:00:00+00:00,1
0,358,2023-05-15 05:00:00+00:00,0
0,359,2023-05-15 10:00:00+00:00,0
0,360,2023-05-15 15:00:00+00:00,0
0,361,2023-05-15 20:00:00+00:00,0
0,362,2023-05-16 01:00:00+00:00,0
0,363,2023-05-16 06:00:00+00:00,1
0,364,2023-05-16 11:00:00+00:00,0
0,365,2023-05-16 16:00:00+00:00,0
0,366,2023-05-16 21:00:00+00:00,1
0,367,2023-05-17 02:00:00+00:00,1
0,368,2023-05-17 07:00:00+00:00,1
0,369,2023-05-17 12:00:00+00:00,1
0,370,2023-05-17 17:00:00+00:00,1
0,371,2023-05-17 22:00:00+00:00,0
0,372,2023-05-18 03:00:00+00:00,0
0,373,2023-05-18 08:00:00+00:00,0
0,374,2023-05-18 13:00:00+00:00,0
0,375,2023-05-18 18:00:00+00:00,1
0,376,2023-05-18 23:00:00+00:00,1
0,377,2023-05-19 04:00:00+00:00,0
0,378,2023-05-19 09:00:00+00:00,1
0,379,2023-05-19 14:00:00+00:00,1
0,380,2023-05-19 19:00:00+00:00,1
0,381,2023-05-20 00:00:00+00:00,1
0,382,2023-05-20 05:00:00+00:00,1
0,383,2023-05-20 10:00:00+00:00,1
0,384,2023-05-20 15:00:00+00:00,0
0,385,2023-05-20 20:00:00+00:00,0
0,386,2023-05-21 01:00:00+00:00,0
0,387,2023-05-21 06:00:00+00:00,0
0,388,2023-05-21 11:00:00+00:00,1
0,389,2023-05-21 16:00:00+00:00,0
0,390,2023-05-21 21:00:00+00:00,1
0,391,2023-05-22 02:00:00+00:00,1
0,392,2023-05-22 07:00:00+00:00,1
0,393,2023-05-22 12:00:00+00:00,1
0,394,2023-05-22 17:00:00+00:00,1
0,395,2023-05-22 22:00:00+00:00,1
0,396,2023-05-23 03:00:00+00:00,0
0,397,2023-05-23 08:00:00+00:00,0
0,398,2023-05-23 13:00:00+00:00,0
0,399,2023-05-23 18:00:00+00:00,0
0,400,2023-05-23 23:00:00+00:00,0
0,401,2023-05-24 04:00:00+00:00,0
0,402,2023-05-24 09:00:00+00:00,0
0,403,2023-05-24 14:00:00+00:00,0
0,404,2023-05-24 19:00:00+00:00,0
0,405,2023-05-25 00:00:00+00:00,1
0,406,2023-05-25 05:00:00+00:00,1
0,407,2023-05-25 10:00:00+00:00,1
0,408,2023-05-25 15:00:00+00:00,1
0,409,2023-05-25 20:00:00+00:00,1
0,410,2023-05-26 01:00:00+00:00,1
0,411,2023-05-26 06:00:00+00:00,1
0,412,2023-05-26 11:00:00+00:00,1
0,413,2023-05-26 16:00:00+00:00,0
0,414,2023-05-26 21:00:00+00:00,1
0,415,2023-05-27 02:00:00+00:00,1
0,416,2023-05-27 07:00:00+00:00,1
0,417,2023-05-27 12:00:00+00:00,1
0,418,2023-05-27 17:00:00+00:00,1
0,419,2023-05-27 22:00:00+00:00,1
0,420,2023-05-28 03:00:00+00:00,1
0,421,2023-05-28 08:00:00+00:00,1
0,422,2023-05-28 13:00:00+00:00,1
0,423,2023-05-28 18:00:00+00:00,1
0,424,2023-05-28 23:00:00+00:00,0
0,425,2023-05-29 04:00:00+00:00,0
0,426,2023-05-29 09:00:00+00:00,0
0,427,2023-05-29 14:00:00+00:00,1
0,428,2023-05-29 19:00:00+00:00,1
0,429,2023-05-30 00:00:00+00:00,1
0,430,2023-05-30 05:00:00+00:00,0
0,431,2023-05-30 10:00:00+00:00,0
0,432,2023-05-30 15:00:00+00:00,0
0,433,2023-05-30 20:00:00+00:00,0
0,434,2023-05-31 01:00:00+00:00,0
0,435,2023-05-31 06:00:00+00:00,0
0,436,2023-05-31 11:00:00+00:00,0
0,437,2023-05-31 16:00:00+00:00,1
0,438,2023-05-31 21:00:00+00:00,0
0,439,2023-06-01 02:00:00+00:00,1
0,440,2023-06-01 07:00:00+00:00,1
0,441,2023-06-01 12:00:00+00:00,1
0,442,2023-06-01 17:00:00+00:00,0
0,443,2023-06-01 22:00:00+00:00,1
0,444,2023-06-02 03:00:00+00:00,1
0,445,2023-06-02 08:00:00+00:00,0
0,446,2023-06-02 13:00:00+00:00,1
0,447,2023-06-02 18:00:00+00:00,0
0,448,2023-06-02 23:00:00+00:00,0
0,449,2023-06-03 04:00:00+00:00,0
0,450,2023-06-03 09:00:00+00:00,0
0,451,2023-06-03 14:00:00+00:00,1
0,452,2023-06-03 19:00:00+00:00,1
0,453,2023-06-04 00:00:00+00:00,1
0,454,2023-06-04 05:00:00+00:00,1
0,455,2023-06-04 10:00:00+00:00,0
0,456,2023-06-04 15:00:00+00:00,0
0,457,2023-06-04 20:00:00+00:00,0
0,458,2023-06-05 01:00:00+00:00,0
0,459,2023-06-05 06:00:00+00:00,0
0,460,2023-06-05 11:00:00+00:00,0
0,461,2023-06-05 16:00:00+00:00,0
0,462,2023-06-05 21:00:00+00:00,1
0,463,2023-06-06 02:00:00+00:00,1
0,464,2023-06-06 07:00:00+00:00,1
0,465,2023-06-06 12:00:00+00:00,1
0,466,2023-06-06 17:00:00+00:00,1
0,467,2023-06-06 22:00:00+00:00,0
0,468,2023-06-07 03:00:00+00:00,0
0,469,2023-06-07 08:00:00+00:00,0
0,470,2023-06-07 13:00:00+00:00,0
0,471,2023-06-07 18:00:00+00:00,1
0,472,2023-06-07 23:00:00+00:00,1
0,473,2023-06-08 04:00:00+00:00,1
0,474,2023-06-08 09:00:00+00:00,1
0,475,2023-06-08 14:00:00+00:00,0
0,476,2023-06-08 19:00:00+00:00,0
0,477,2023-06-09 00:00:00+00:00,0
0,478,2023-06-09 05:00:00+00:00,0
0,479,2023-06-09 10:00:00+00:00,0
0,480,2023-06-09 15:00:00+00:00,0
0,481,2023-06-09 20:00:00+00:00,0
0,482,2023-06-10 01:00:00+00:00,0
0,483,2023-06-10 06:00:00+00:00,1
0,484,2023-06-10 11:00:00+00:00,1
0,485,2023-06-10 16:00:00+00:00,1
0,486,2023-06-10 21:00:00+00:00,1
0,487,2023-06-11 02:00:00+00:00,1
0,488,2023-06-11 07:00:00+00:00,1
0,489,2023-06-11 12:00:00+00:00,1
0,490,2023-06-11 17:00:00+00:00,0
0,491,2023-06-11 22:00:00+00:00,0
0,492,2023-06-12 03:00:00+00:00,1
0,493,2023-06-12 08:00:00+00:00,1
0,494,2023-06-12 13:00:00+00:00,1
0,495,2023-06-12 18:00:00+00:00,1
0,496,2023-06-12 23:00:00+00:00,0
0,497,2023-06-13 04:00:00+00:00,0
0,498,2023-06-13 09:00:00+00:00,0
0,499,2023-06-13 14:00:00+00:00,0
0,500,2023-06-13 19:00:00+00:00,1
0,501,2023-06-14 00:00:00+00:00,0
0,502,2023-06-14 05:00:00+00:00,0
0,503,2023-06-14 10:00:00+00:00,0
0,504,2023-06-14 15:00:00+00:00,0
0,505,2023-06-14 20:00:00+00:00,1
0,506,2023-06-15 01:00:00+00:00,1
0,507,2023-06-15 06:00:00+00:00,1
0,508,2023-06-15 11:00:00+00:00,1
0,509,2023-06-15 16:00:00+00:00,1
0,510,2023-06-15 21:00:00+00:00,1
0,511,2023-06-16 02:00:00+00:00,1
0,512,2023-06-16 07:00:00+00:00,1
0,513,2023-06-16 12:00:00+00:00,1
0,514,2023-06-16 17:00:00+00:00,1
0,515,2023-06-16 22:00:00+00:00,1
0,516,2023-06-17 03:00:00+00:00,1
0,517,2023-06-17 08:00:00+00:00,0
0,518,2023-06-17 13:00:00+00:00,0
0,519,2023-06-17 18:00:00+00:00,1
0,520,2023-06-17 23:00:00+00:00,1
0,521,2023-06-18 04:00:00+00:00,0
0,522,2023-06-18 09:00:00+00:00,0
0,523,2023-06-18 14:00:00+00:00,0
0,524,2023-06-18 19:00:00+00:00,0
0,525,2023-06-19 00:00:00+00:00,1
0,526,2023-06-19 05:00:00+00:00,1
0,527,2023-06-19 10:00:00+00:00,1
0,528,2023-06-19 15:00:00+00:00,1
0,529,2023-06-19 20:00:00+00:00,1
0,530,2023-06-20 01:00:00+00:00,1
0,531,2023-06-20 06:00:00+00:00,1
0,532,2023-06-20 11:00:00+00:00,1
0,533,2023-06-20 16:00:00+00:00,1
0,534,2023-06-20 21:00:00+00:00,1
0,535,2023-06-21 02:00:00+00:00,1
0,536,2023-06-21 07:00:00+00:00,1
0,537,2023-06-21 12:00:00+00:00,1
0,538,2023-06-21 17:00:00+00:00,1
0,539,2023-06-21 22:00:00+00:00,1
0,540,2023-06-22 03:00:00+00:00,0
0,541,2023-06-22 08:00:00+00:00,0
0,542,2023-06-22 13:00:00+00:00,0
0,543,2023-06-22 18:00:00+00:00,1
0,544,2023-06-22 23:00:00+00:00,1
0,545,2023-06-23 04:00:00+00:00,1
0,546,2023-06-23 09:00:00+00:00,1
0,547,2023-06-23 14:00:00+00:00,1
0,548,2023-06-23 19:00:00+00:00,0
0,549,2023-06-24 00:00:00+00:00,1
0,550,2023-06-24 05:00:00+00:00,0
0,551,2023-06-24 10:00:00+00:00,1
0,552,2023-06-24 15:00:00+00:00,1
0,553,2023-06-24 20:00:00+00:00,1
0,554,2023-06-25 01:00:00+00:00,0
0,555,2023-06-25 06:00:00+00:00,0
0,556,2023-06-25 11:00:00+00:00,0
0,557,2023-06-25 16:00:00+00:00,0
0,558,2023-06-25 21:00:00+00:00,0
0,559,2023-06-26 02:00:00+00:00,1
0,560,2023-06-26 07:00:00+00:00,0
0,561,2023-06-26 12:00:00+00:00,1
0,562,2023-06-26 17:00:00+00:00,1
0,563,2023-06-26 22:00:00+00:00,1
0,564,2023-06-27 03:00:00+00:00,1
0,565,2023-06-27 08:00:00+00:00,1
0,566,2023-06-27 13:00:00+00:00,0
0,567,2023-06-27 18:00:00+00:00,0
0,568,2023-06-27 23:00:00+00:00,0
0,569,2023-06-28 04:00:00+00:00,0
0,570,2023-06-28 09:00:00+00:00,0
0,571,2023-06-28 14:00:00+00:00,1
0,572,2023-06-28 19:00:00+00:00,1
0,573,2023-06-29 00:00:00+00:00,1
0,574,2023-06-29 05:00:00+00:00,1
0,575,2023-06-29 10:00:00+00:00,0
0,576,2023-06-29 15:00:00+00:00,1
0,577,2023-06-29 20:00:00+00:00,0
0,578,2023-06-30 01:00:00+00:00,1
0,579,2023-06-30 06:00:00+00:00,0
0,580,2023-06-30 11:00:00+00:00,0
0,581,2023-06-30 16:00:00+00:00,1
0,582,2023-06-30 21:00:00+00:00,1
0,583,2023-07-01 02:00:00+00:00,1
0,584,2023-07-01 07:00:00+00:00,1
0,585,2023-07-01 12:00:00+00:00,0
0,586,2023-07-01 17:00:00+00:00,0
0,587,2023-07-01 22:00:00+00:00,0
0,588,2023-07-02 03:00:00+00:00,1
0,589,2023-07-02 08:00:00+00:00,1
0,590,2023-07-02 13:00:00+00:00,1
0,591,2023-07-02 18:00:00+00:00,1
0,592,2023-07-02 23:00:00+00:00,1
0,593,2023-07-03 04:00:00+00:00,1
0,594,2023-07-03 09:00:00+00:00,1
0,595,2023-07-03 14:00:00+00:00,1
0,596,2023-07-03 19:00:00+00:00,0
0,597,2023-07-04 00:00:00+00:00,0
0,598,2023-07-04 05:00:00+00:00,0
0,599,2023-07-04 10:00:00+00:00,0
0,600,2023-07-04 15:00:00+00:00,0
0,601,2023-07-04 20:00:00+00:00,0
0,602,2023-07-05 01:00:00+00:00,0
0,603,2023-07-05 06:00:00+00:00,0
0,604,2023-07-05 11:00:00+00:00,1
0,605,2023-07-05 16:00:00+00:00,1
0,606,2023-07-05 21:00:00+00:00,0
0,607,2023-07-06 02:00:00+00:00,0
0,608,2023-07-06 07:00:00+00:00,0
0,609,2023-07-06 12:00:00+00:00,0
0,610,2023-07-06 17:00:00+00:00,1
0,611,2023-07-06 22:00:00+00:00,1
0,612,2023-07-07 03:00:00+00:00,1
0,613,2023-07-07 08:00:00+00:00,1
0,614,2023-07-07 13:00:00+00:00,0
0,615,2023-07-07 18:00:00+00:00,1
0,616,2023-07-07 23:00:00+00:00,0
0,617,2023-07-08 04:00:00+00:00,1
0,618,2023-07-08 09:00:00+00:00,1
0,619,2023-07-08 14:00:00+00:00,1
0,620,2023-07-08 19:00:00+00:00,1
0,621,2023-07-09 00:00:00+00:00,0
0,622,2023-07-09 05:00:00+00:00,0
0,623,2023-07-09 10:00:00+00:00,0
0,624,2023-07-09 15:00:00+00:00,0
0,625,2023-07-09 20:00:00+00:00,1
0,626,2023-07-10 01:00:00+00:00,1
0,627,2023-07-10 06:00:00+00:00,1
0,628,2023-07-10 11:00:00+00:00,1
0,629,2023-07-10 16:00:00+00:00,1
0,630,2023-07-10 21:00:00+00:00,1
0,631,2023-07-11 02:00:00+00:00,1
0,632,2023-07-11 07:00:00+00:00,1
0,633,2023-07-11 12:00:00+00:00,1
0,634,2023-07-11 17:00:00+00:00,1
0,635,2023-07-11 22:00:00+00:00,0
0,636,2023-07-12 03:00:00+00:00,0
0,637,2023-07-12 08:00:00+00:00,0
0,638,2023-07-12 13:00:00+00:00,0
0,639,2023-07-12 18:00:00+00:00,1
0,640,2023-07-12 23:00:00+00:00,1
0,641,2023-07-13 04:00:00+00:00,1
0,642,2023-07-13 09:00:00+00:00,1
0,643,2023-07-13 14:00:00+00:00,1
0,644,2023-07-13 19:00:00+00:00,0
0,645,2023-07-14 00:00:00+00:00,0
0,646,2023-07-14 05:00:00+00:00,0
0,647,2023-07-14 10:00:00+00:00,0
0,648,2023-07-14 15:00:00+00:00,0
0,649,2023-07-14 20:00:00+00:00,1
0,650,2023-07-15 01:00:00+00:00,0
0,651,2023-07-15 06:00:00+00:00,0
0,652,2023-07-15 11:00:00+00:00,0
0,653,2023-07-15 16:00:00+00:00,1
0,654,2023-07-15 21:00:00+00:00,1
0,655,2023-07-16 02:00:00+00:00,1
0,656,2023-07-16 07:00:00+00:00,1
0,657,2023-07-16 12:00:00+00:00,0
0,658,2023-07-16 17:00:00+00:00,0
0,659,2023-07-16 22:00:00+00:00,0
0,660,2023-07-17 03:00:00+00:00,0
0,661,2023-07-17 08:00:00+00:00,0
0,662,2023-07-17 13:00:00+00:00,0
0,663,2023-07-17 18:00:00+00:00,1
0,664,2023-07-17 23:00:00+00:00,0
0,665,2023-07-18 04:00:00+00:00,0
0,666,2023-07-18 09:00:00+00:00,1
0,667,2023-07-18 14:00:00+00:00,1
0,668,2023-07-18 19:00:00+00:00,1
0,669,2023-07-19 00:00:00+00:00,0
0,670,2023-07-19 05:00:00+00:00,0
0,671,2023-07-19 10:00:00+00:00,1
0,672,2023-07-19 15:00:00+00:00,1
0,673,2023-07-19 20:00:00+00:00,0
0,674,2023-07-20 01:00:00+00:00,0
0,675,2023-07-20 06:00:00+00:00,0
0,676,2023-07-20 11:00:00+00:00,0
0,677,2023-07-20 16:00:00+00:00,1
0,678,2023-07-20 21:00:00+00:00,1
0,679,2023-07-21 02:00:00+00:00,1
0,680,2023-07-21 07:00:00+00:00,1
0,681,2023-07-21 12:00:00+00:00,1
0,682,2023-07-21 17:00:00+00:00,0
0,683,2023-07-21 22:00:00+00:00,0
0,684,2023-07-22 03:00:00+00:00,0
0,685,2023-07-22 08:00:00+00:00,0
0,686,2023-07-22 13:00:00+00:00,1
0,687,2023-07-22 18:00:00+00:00,1
0,688,2023-07-22 23:00:00+00:00,1
0,689,2023-07-23 04:00:00+00:00,1
0,690,2023-07-23 09:00:00+00:00,0
0,691,2023-07-23 14:00:00+00:00,0
0,692,2023-07-23 19:00:00+00:00,0
0,693,2023-07-24 00:00:00+00:00,0
0,694,2023-07-24 05:00:00+00:00,0
0,695,2023-07-24 10:00:00+00:00,0
0,696,2023-07-24 15:00:00+00:00,1
0,697,2023-07-24 20:00:00+00:00,1
0,698,2023-07-25 01:00:00+00:00,1
0,699,2023-07-25 06:00:00+00:00,1
0,700,2023-07-25 11:00:00+00:00,1
0,701,2023-07-25 16:00:00+00:00,1
0,702,2023-07-25 21:00:00+00:00,1
0,703,2023-07-26 02:00:00+00:00,1
0,704,2023-07-26 07:00:00+00:00,1
0,705,2023-07-26 12:00:00+00:00,1
0,706,2023-07-26 17:00:00+00:00,1
0,707,2023-07-26 22:00:00+00:00,0
0,708,2023-07-27 03:00:00+00:00,0
0,709,2023-07-27 08:00:00+00:00,0
0,710,2023-07-27 13:00:00+00:00,0
0,711,2023-07-27 18:00:00+00:00,1
0,712,2023-07-27 23:00:00+00:00,1
0,713,2023-07-28 04:00:00+00:00,1
0,714,2023-07-28 09:00:00+00:00,1
0,715,2023-07-28 14:00:00+00:00,0
0,716,2023-07-28 19:00:00+00:00,0
0,717,2023-07-29 00:00:00+00:00,1
0,718,2023-07-29 05:00:00+00:00,0
0,719,2023-07-29 10:00:00+00:00,1
0,720,2023-07-29 15:00:00+00:00,1
0,721,2023-07-29 20:00:00+00:00,1
0,722,2023-07-30 01:00:00+00:00,0
0,723,2023-07-30 06:00:00+00:00,1
0,724,2023-07-30 11:00:00+00:00,1
0,725,2023-07-30 16:00:00+00:00,1
0,726,2023-07-30 21:00:00+00:00,1
0,727,2023-07-31 02:00:00+00:00,0
0,728,2023-07-31 07:00:00+00:00,0
0,729,2023-07-31 12:00:00+00:00,0
0,730,2023-07-31 17:00:00+00:00,0
0,731,2023-07-31 22:00:00+00:00,1
0,732,2023-08-01 03:00:00+00:00,1
0,733,2023-08-01 08:00:00+00:00,1
0,734,2023-08-01 13:00:00+00:00,1
0,735,2023-08-01 18:00:00+00:00,1
0,736,2023-08-01 23:00:00+00:00,0
0,737,2023-08-02 04:00:00+00:00,0
0,738,2023-08-02 09:00:00+00:00,0
0,739,2023-08-02 14:00:00+00:00,0
0,740,2023-08-02 19:00:00+00:00,1
0,741,2023-08-03 00:00:00+00:00,1
0,742,2023-08-03 05:00:00+00:00,1
0,743,2023-08-03 10:00:00+00:00,1
0,744,2023-08-03 15:00:00+00:00,0
0,745,2023-08-03 20:00:00+00:00,0
0,746,2023-08-04 01:00:00+00:00,0
0,747,2023-08-04 06:00:00+00:00,0
0,748,2023-08-04 11:00:00+00:00,0
0,749,2023-08-04 16:00:00+00:00,0
0,750,2023-08-04 21:00:00+00:00,1
0,751,2023-08-05 02:00:00+00:00,1
0,752,2023-08-05 07:00:00+00:00,1
0,753,2023-08-05 12:00:00+00:00,1
0,754,2023-08-05 17:00:00+00:00,0
0,755,2023-08-05 22:00:00+00:00,0
0,756,2023-08-06 03:00:00+00:00,1
0,757,2023-08-06 08:00:00+00:00,1
0,758,2023-08-06 13:00:00+00:00,1
0,759,2023-08-06 18:00:00+00:00,0
0,760,2023-08-06 23:00:00+00:00,1
0,761,2023-08-07 04:00:00+00:00,1
0,762,2023-08-07 09:00:00+00:00,1
0,763,2023-08-07 14:00:00+00:00,1
0,764,2023-08-07 19:00:00+00:00,1
0,765,2023-08-08 00:00:00+00:00,1
0,766,2023-08-08 05:00:00+00:00,1
0,767,2023-08-08 10:00:00+00:00,1
0,768,2023-08-08 15:00:00+00:00,1
0,769,2023-08-08 20:00:00+00:00,0
0,770,2023-08-09 01:00:00+00:00,0
0,771,2023-08-09 06:00:00+00:00,0
0,772,2023-08-09 11:00:00+00:00,0
0,773,2023-08-09 16:00:00+00:00,1
0,774,2023-08-09 21:00:00+00:00,0
0,775,2023-08-10 02:00:00+00:00,0
0,776,2023-08-10 07:00:00+00:00,0
0,777,2023-08-10 12:00:00+00:00,0
0,778,2023-08-10 17:00:00+00:00,1
0,779,2023-08-10 22:00:00+00:00,0
0,780,2023-08-11 03:00:00+00:00,1
0,781,2023-08-11 08:00:00+00:00,1
0,782,2023-08-11 13:00:00+00:00,0
0,783,2023-08-11 18:00:00+00:00,1
0,784,2023-08-11 23:00:00+00:00,0
0,785,2023-08-12 04:00:00+00:00,1
0,786,2023-08-12 09:00:00+00:00,0
0,787,2023-08-12 14:00:00+00:00,0
0,788,2023-08-12 19:00:00+00:00,0
0,789,2023-08-13 00:00:00+00:00,0
0,790,2023-08-13 05:00:00+00:00,0
0,791,2023-08-13 10:00:00+00:00,1
0,792,2023-08-13 15:00:00+00:00,1
0,793,2023-08-13 20:00:00+00:00,1
0,794,2023-08-14 01:00:00+00:00,1
0,795,2023-08-14 06:00:00+00:00,0
0,796,2023-08-14 11:00:00+00:00,0
0,797,2023-08-14 16:00:00+00:00,0
0,798,2023-08-14 21:00:00+00:00,0
0,799,2023-08-15 02:00:00+00:00,0
0,800,2023-08-15 07:00:00+00:00,0
0,801,2023-08-15 12:00:00+00:00,0
0,802,2023-08-15 17:00:00+00:00,0
0,803,2023-08-15 22:00:00+00:00,0
0,804,2023-08-16 03:00:00+00:00,0
0,805,2023-08-16 08:00:00+00:00,0
0,806,2023-08-16 13:00:00+00:00,0
0,807,2023-08-16 18:00:00+00:00,0
0,808,2023-08-16 23:00:00+00:00,0
0,809,2023-08-17 04:00:00+00:00,0
0,810,2023-08-17 09:00:00+00:00,0
0,811,2023-08-17 14:00:00+00:00,0
0,812,2023-08-17 19:00:00+00:00,0
0,813,2023-08-18 00:00:00+00:00,0
0,814,2023-08-18 05:00:00+00:00,0
0,815,2023-08-18 10:00:00+00:00,0
0,816,2023-08-18 15:00:00+00:00,0
0,817,2023-08-18 20:00:00+00:00,1
0,818,2023-08-19 01:00:00+00:00,1
0,819,2023-08-19 06:00:00+00:00,1
0,820,2023-08-19 11:00:00+00:00,1
0,821,2023-08-19 16:00:00+00:00,0
0,822,2023-08-19 21:00:00+00:00,1
0,823,2023-08-20 02:00:00+00:00,1
0,824,2023-08-20 07:00:00+00:00,1
0,825,2023-08-20 12:00:00+00:00,0
0,826,2023-08-20 17:00:00+00:00,1
0,827,2023-08-20 22:00:00+00:00,0
0,828,2023-08-21 03:00:00+00:00,1
0,829,2023-08-21 08:00:00+00:00,0
0,830,2023-08-21 13:00:00+00:00,0
0,831,2023-08-21 18:00:00+00:00,0
0,832,2023-08-21 23:00:00+00:00,0
0,833,2023-08-22 04:00:00+00:00,1
0,834,2023-08-22 09:00:00+00:00,0
0,835,2023-08-22 14:00:00+00:00,0
0,836,2023-08-22 19:00:00+00:00,1
0,837,2023-08-23 00:00:00+00:00,1
0,838,2023-08-23 05:00:00+00:00,1
0,839,2023-08-23 10:00:00+00:00,1
0,840,2023-08-23 15:00:00+00:00,1
0,841,2023-08-23 20:00:00+00:00,0
0,842,2023-08-24 01:00:00+00:00,0
0,843,2023-08-24 06:00:00+00:00,0
0,844,2023-08-24 11:00:00+00:00,0
0,845,2023-08-24 16:00:00+00:00,0
0,846,2023-08-24 21:00:00+00:00,0
0,847,2023-08-25 02:00:00+00:00,0
0,848,2023-08-25 07:00:00+00:00,1
0,849,2023-08-25 12:00:00+00:00,0
0,850,2023-08-25 17:00:00+00:00,1
0,851,2023-08-25 22:00:00+00:00,0
0,852,2023-08-26 03:00:00+00:00,0
0,853,2023-08-26 08:00:00+00:00,0
0,854,2023-08-26 13:00:00+00:00,1
0,855,2023-08-26 18:00:00+00:00,1
0,856,2023-08-26 23:00:00+00:00,1
0,857,2023-08-27 04:00:00+00:00,0
0,858,2023-08-27 09:00:00+00:00,0
0,859,2023-08-27 14:00:00+00:00,0
0,860,2023-08-27 19:00:00+00:00,0
0,861,2023-08-28 00:00:00+00:00,0
0,862,2023-08-28 05:00:00+00:00,1
0,863,2023-08-28 10:00:00+00:00,1
0,864,2023-08-28 15:00:00+00:00,0
0,865,2023-08-28 20:00:00+00:00,1
0,866,2023-08-29 01:00:00+00:00,1
0,867,2023-08-29 06:00:00+00:00,1
0,868,2023-08-29 11:00:00+00:00,1
0,869,2023-08-29 16:00:00+00:00,0
0,870,2023-08-29 21:00:00+00:00,0
0,871,2023-08-30 02:00:00+00:00,0
0,872,2023-08-30 07:00:00+00:00,0
0,873,2023-08-30 12:00:00+00:00,0
0,874,2023-08-30 17:00:00+00:00,0
0,875,2023-08-30 22:00:00+00:00,0
0,876,2023-08-31 03:00:00+00:00,0
0,877,2023-08-31 08:00:00+00:00,0
0,878,2023-08-31 13:00:00+00:00,0
0,879,2023-08-31 18:00:00+00:00,0
0,880,2023-08-31 23:00:00+00:00,0
0,881,2023-09-01 04:00:00+00:00,0
0,882,2023-09-01 09:00:00+00:00,0
0,883,2023-09-01 14:00:00+00:00,1
0,884,2023-09-01 19:00:00+00:00,1
0,885,2023-09-02 00:00:00+00:00,1
0,886,2023-09-02 05:00:00+00:00,1
0,887,2023-09-02 10:00:00+00:00,1
0,888,2023-09-02 15:00:00+00:00,1
0,889,2023-09-02 20:00:00+00:00,0
0,890,2023-09-03 01:00:00+00:00,1
0,891,2023-09-03 06:00:00+00:00,1
0,892,2023-09-03 11:00:00+00:00,1
0,893,2023-09-03 16:00:00+00:00,1
0,894,2023-09-03 21:00:00+00:00,0
0,895,2023-09-04 02:00:00+00:00,0
0,896,2023-09-04 07:00:00+00:00,0
0,897,2023-09-04 12:00:00+00:00,0
0,898,2023-09-04 17:00:00+00:00,0
0,899,2023-09-04 22:00:00+00:00,0
0,900,2023-09-05 03:00:00+00:00,1
0,901,2023-09-05 08:00:00+00:00,1
0,902,2023-09-05 13:00:00+00:00,1
0,903,2023-09-05 18:00:00+00:00,0
0,904,2023-09-05 23:00:00+00:00,0
0,905,2023-09-06 04:00:00+00:00,1
0,906,2023-09-06 09:00:00+00:00,1
0,907,2023-09-06 14:00:00+00:00,1
0,908,2023-09-06 19:00:00+00:00,1
0,909,2023-09-07 00:00:00+00:00,1
0,910,2023-09-07 05:00:00+00:00,1
0,911,2023-09-07 10:00:00+00:00,1
0,912,2023-09-07 15:00:00+00:00,1
0,913,2023-09-07 20:00:00+00:00,0
0,914,2023-09-08 01:00:00+00:00,0
0,915,2023-09-08 06:00:00+00:00,0
0,916,2023-09-08 11:00:00+00:00,1
0,917,2023-09-08 16:00:00+00:00,1
0,918,2023-09-08 21:00:00+00:00,0
0,919,2023-09-09 02:00:00+00:00,1
0,920,2023-09-09 07:00:00+00:00,0
0,921,2023-09-09 12:00:00+00:00,1
0,922,2023-09-09 17:00:00+00:00,0
0,923,2023-09-09 22:00:00+00:00,0
0,924,2023-09-10 03:00:00+00:00,0
0,925,2023-09-10 08:00:00+00:00,0
0,926,2023-09-10 13:00:00+00:00,0
0,927,2023-09-10 18:00:00+00:00,0
0,928,2023-09-10 23:00:00+00:00,0
0,929,2023-09-11 04:00:00+00:00,0
0,930,2023-09-11 09:00:00+00:00,1
0,931,2023-09-11 14:00:00+00:00,1
0,932,2023-09-11 19:00:00+00:00,1
0,933,2023-09-12 00:00:00+00:00,1
0,934,2023-09-12 05:00:00+00:00,1
0,935,2023-09-12 10:00:00+00:00,0
0,936,2023-09-12 15:00:00+00:00,0
0,937,2023-09-12 20:00:00+00:00,1
0,938,2023-09-13 01:00:00+00:00,1
0,939,2023-09-13 06:00:00+00:00,1
0,940,2023-09-13 11:00:00+00:00,1
0,941,2023-09-13 16:00:00+00:00,1
0,942,2023-09-13 21:00:00+00:00,1
0,943,2023-09-14 02:00:00+00:00,1
0,944,2023-09-14 07:00:00+00:00,1
0,945,2023-09-14 12:00:00+00:00,1
0,946,2023-09-14 17:00:00+00:00,0
0,947,2023-09-14 22:00:00+00:00,0
0,948,2023-09-15 03:00:00+00:00,0
0,949,2023-09-15 08:00:00+00:00,0
0,950,2023-09-15 13:00:00+00:00,1
0,951,2023-09-15 18:00:00+00:00,1
0,952,2023-09-15 23:00:00+00:00,0
0,953,2023-09-16 04:00:00+00:00,0
0,954,2023-09-16 09:00:00+00:00,1
0,955,2023-09-16 14:00:00+00:00,1
0,956,2023-09-16 19:00:00+00:00,1
0,957,2023-09-17 00:00:00+00:00,0
0,958,2023-09-17 05:00:00+00:00,0
0,959,2023-09-17 10:00:00+00:00,1
0,960,2023-09-17 15:00:00+00:00,1
0,961,2023-09-17 20:00:00+00:00,1
0,962,2023-09-18 01:00:00+00:00,1
0,963,2023-09-18 06:00:00+00:00,1
0,964,2023-09-18 11:00:00+00:00,0
0,965,2023-09-18 16:00:00+00:00,0
0,966,2023-09-18 21:00:00+00:00,1
0,967,2023-09-19 02:00:00+00:00,1
0,968,2023-09-19 07:00:00+00:00,1
0,969,2023-09-19 12:00:00+00:00,1
0,970,2023-09-19 17:00:00+00:00,1
0,971,2023-09-19 22:00:00+00:00,0
0,972,2023-09-20 03:00:00+00:00,1
0,973,2023-09-20 08:00:00+00:00,0
0,974,2023-09-20 13:00:00+00:00,0
0,975,2023-09-20 18:00:00+00:00,0
0,976,2023-09-20 23:00:00+00:00,0
0,977,2023-09-21 04:00:00+00:00,0
0,978,2023-09-21 09:00:00+00:00,0
0,979,2023-09-21 14:00:00+00:00,1
0,980,2023-09-21 19:00:00+00:00,1
0,981,2023-09-22 00:00:00+00:00,0
0,982,2023-09-22 05:00:00+00:00,0
0,983,2023-09-22 10:00:00+00:00,0
0,984,2023-09-22 15:00:00+00:00,0
0,985,2023-09-22 20:00:00+00:00,1
0,986,2023-09-23 01:00:00+00:00,0
0,987,2023-09-23 06:00:00+00:00,1
0,988,2023-09-23 11:00:00+00:00,0
0,989,2023-09-23 16:00:00+00:00,0
0,990,2023-09-23 21:00:00+00:00,1
0,991,2023-09-24 02:00:00+00:00,0
0,992,2023-09-24 07:00:00+00:00,0
0,993,2023-09-24 12:00:00+00:00,0
0,994,2023-09-24 17:00:00+00:00,0
0,995,2023-09-24 22:00:00+00:00,0
0,996,2023-09-25 03:00:00+00:00,1
0,997,2023-09-25 08:00:00+00:00,1
0,998,2023-09-25 13:00:00+00:00,1
0,999,2023-09-25 18:00:00+00:00,0
0,1000,2023-09-25 23:00:00+00:00,0
0,1001,2023-09-26 04:00:00+00:00,0
0,1002,2023-09-26 09:00:00+00:00,0
0,1003,2023-09-26 14:00:00+00:00,1
0,1004,2023-09-26 19:00:00+00:00,1
0,1005,2023-09-27 00:00:00+00:00,0
0,1006,2023-09-27 05:00:00+00:00,1
0,1007,2023-09-27 10:00:00+00:00,1
0,1008,2023-09-27 15:00:00+00:00,1
0,1009,2023-09-27 20:00:00+00:00,1
0,1010,2023-09-28 01:00:00+00:00,1
0,1011,2023-09-28 06:00:00+00:00,1
0,1012,2023-09-28 11:00:00+00:00,1
0,1013,2023-09-28 16:00:00+00:00,0
0,1014,2023-09-28 21:00:00+00:00,0
0,1015,2023-09-29 02:00:00+00:00,0
0,1016,2023-09-29 07:00:00+00:00,0
0,1017,2023-09-29 12:00:00+00:00,0
0,1018,2023-09-29 17:00:00+00:00,1
0,1019,2023-09-29 22:00:00+00:00,1
0,1020,2023-09-30 03:00:00+00:00,1
0,1021,2023-09-30 08:00:00+00:00,1
0,1022,2023-09-30 13:00:00+00:00,1
0,1023,2023-09-30 18:00:00+00:00,1
0,1024,2023-09-30 23:00:00+00:00,1
0,1025,2023-10-01 04:00:00+00:00,1
0,1026,2023-10-01 09:00:00+00:00,1
0,1027,2023-10-01 14:00:00+00:00,1
0,1028,2023-10-01 19:00:00+00:00,1
0,1029,2023-10-02 00:00:00+00:00,0
0,1030,2023-10-02 05:00:00+00:00,0
0,1031,2023-10-02 10:00:00+00:00,0
0,1032,2023-10-02 15:00:00+00:00,0
0,1033,2023-10-02 20:00:00+00:00,0
0,1034,2023-10-03 01:00:00+00:00,0
0,1035,2023-10-03 06:00:00+00:00,0
0,1036,2023-10-03 11:00:00+00:00,0
0,1037,2023-10-03 16:00:00+00:00,1
0,1038,2023-10-03 21:00:00+00:00,1
0,1039,2023-10-04 02:00:00+00:00,1
0,1040,2023-10-04 07:00:00+00:00,1
0,1041,2023-10-04 12:00:00+00:00,1
0,1042,2023-10-04 17:00:00+00:00,1
0,1043,2023-10-04 22:00:00+00:00,0
0,1044,2023-10-05 03:00:00+00:00,0
0,1045,2023-10-05 08:00:00+00:00,0
0,1046,2023-10-05 13:00:00+00:00,0
0,1047,2023-10-05 18:00:00+00:00,1
0,1048,2023-10-05 23:00:00+00:00,1
0,1049,2023-10-06 04:00:00+00:00,1
0,1050,2023-10-06 09:00:00+00:00,1
0,1051,2023-10-06 14:00:00+00:00,1
0,1052,2023-10-06 19:00:00+00:00,0
0,1053,2023-10-07 00:00:00+00:00,1
0,1054,2023-10-07 05:00:00+00:00,1
0,1055,2023-10-07 10:00:00+00:00,0
0,1056,2023-10-07 15:00:00+00:00,0
0,1057,2023-10-07 20:00:00+00:00,0
0,1058,2023-10-08 01:00:00+00:00,0
0,1059,2023-10-08 06:00:00+00:00,1
0,1060,2023-10-08 11:00:00+00:00,1
0,1061,2023-10-08 16:00:00+00:00,0
0,1062,2023-10-08 21:00:00+00:00,0
0,1063,2023-10-09 02:00:00+00:00,0
0,1064,2023-10-09 07:00:00+00:00,0
0,1065,2023-10-09 12:00:00+00:00,1
0,1066,2023-10-09 17:00:00+00:00,0
0,1067,2023-10-09 22:00:00+00:00,0
0,1068,2023-10-10 03:00:00+00:00,0
0,1069,2023-10-10 08:00:00+00:00,0
0,1070,2023-10-10 13:00:00+00:00,0
0,1071,2023-10-10 18:00:00+00:00,0
0,1072,2023-10-10 23:00:00+00:00,0
0,1073,2023-10-11 04:00:00+00:00,0
0,1074,2023-10-11 09:00:00+00:00,0
0,1075,2023-10-11 14:00:00+00:00,0
0,1076,2023-10-11 19:00:00+00:00,0
0,1077,2023-10-12 00:00:00+00:00,0
0,1078,2023-10-12 05:00:00+00:00,0
0,1079,2023-10-12 10:00:00+00:00,1
0,1080,2023-10-12 15:00:00+00:00,1
0,1081,2023-10-12 20:00:00+00:00,1
0,1082,2023-10-13 01:00:00+00:00,1
0,1083,2023-10-13 06:00:00+00:00,1
0,1084,2023-10-13 11:00:00+00:00,1
0,1085,2023-10-13 16:00:00+00:00,1
0,1086,2023-10-13 21:00:00+00:00,0
0,1087,2023-10-14 02:00:00+00:00,0
0,1088,2023-10-14 07:00:00+00:00,1
0,1089,2023-10-14 12:00:00+00:00,1
0,1090,2023-10-14 17:00:00+00:00,0
0,1091,2023-10-14 22:00:00+00:00,1
0,1092,2023-10-15 03:00:00+00:00,1
0,1093,2023-10-15 08:00:00+00:00,1
0,1094,2023-10-15 13:00:00+00:00,1
0,1095,2023-10-15 18:00:00+00:00,1
0,1096,2023-10-15 23:00:00+00:00,1
0,1097,2023-10-16 04:00:00+00:00,1
0,1098,2023-10-16 09:00:00+00:00,1
0,1099,2023-10-16 14:00:00+00:00,1
0,1100,2023-10-16 19:00:00+00:00,0
0,1101,2023-10-17 00:00:00+00:00,1
0,1102,2023-10-17 05:00:00+00:00,1
0,1103,2023-10-17 10:00:00+00:00,1
0,1104,2023-10-17 15:00:00+00:00,0
0,1105,2023-10-17 20:00:00+00:00,0
0,1106,2023-10-18 01:00:00+00:00,0
0,1107,2023-10-18 06:00:00+00:00,0
0,1108,2023-10-18 11:00:00+00:00,0
0,1109,2023-10-18 16:00:00+00:00,1
0,1110,2023-10-18 21:00:00+00:00,1
0,1111,2023-10-19 02:00:00+00:00,1
0,1112,2023-10-19 07:00:00+00:00,1
0,1113,2023-10-19 12:00:00+00:00,1
0,1114,2023-10-19 17:00:00+00:00,1
0,1115,2023-10-19 22:00:00+00:00,1
0,1116,2023-10-20 03:00:00+00:00,1
0,1117,2023-10-20 08:00:00+00:00,0
0,1118,2023-10-20 13:00:00+00:00,1
0,1119,2023-10-20 18:00:00+00:00,1
0,1120,2023-10-20 23:00:00+00:00,1
0,1121,2023-10-21 04:00:00+00:00,1
0,1122,2023-10-21 09:00:00+00:00,1
0,1123,2023-10-21 14:00:00+00:00,1
0,1124,2023-10-21 19:00:00+00:00,0
0,1125,2023-10-22 00:00:00+00:00,0
0,1126,2023-10-22 05:00:00+00:00,1
0,1127,2023-10-22 10:00:00+00:00,1
0,1128,2023-10-22 15:00:00+00:00,1
0,1129,2023-10-22 20:00:00+00:00,1
0,1130,2023-10-23 01:00:00+00:00,1
0,1131,2023-10-23 06:00:00+00:00,1
0,1132,2023-10-23 11:00:00+00:00,1
0,1133,2023-10-23 16:00:00+00:00,1
0,1134,2023-10-23 21:00:00+00:00,1
0,1135,2023-10-24 02:00:00+00:00,0
0,1136,2023-10-24 07:00:00+00:00,0
0,1137,2023-10-24 12:00:00+00:00,0
0,1138,2023-10-24 17:00:00+00:00,1
0,1139,2023-10-24 22:00:00+00:00,1
0,1140,2023-10-25 03:00:00+00:00,1
0,1141,2023-10-25 08:00:00+00:00,1
0,1142,2023-10-25 13:00:00+00:00,0
0,1143,2023-10-25 18:00:00+00:00,0
0,1144,2023-10-25 23:00:00+00:00,0
0,1145,2023-10-26 04:00:00+00:00,0
0,1146,2023-10-26 09:00:00+00:00,0
0,1147,2023-10-26 14:00:00+00:00,0
0,1148,2023-10-26 19:00:00+00:00,0
0,1149,2023-10-27 00:00:00+00:00,0
0,1150,2023-10-27 05:00:00+00:00,0
0,1151,2023-10-27 10:00:00+00:00,0
0,1152,2023-10-27 15:00:00+00:00,1
0,1153,2023-10-27 20:00:00+00:00,1
0,1154,2023-10-28 01:00:00+00:00,1
0,1155,2023-10-28 06:00:00+00:00,0
0,1156,2023-10-28 11:00:00+00:00,0
0,1157,2023-10-28 16:00:00+00:00,1
0,1158,2023-10-28 21:00:00+00:00,1
0,1159,2023-10-29 02:00:00+00:00,1
0,1160,2023-10-29 07:00:00+00:00,1
0,1161,2023-10-29 12:00:00+00:00,0
0,1162,2023-10-29 17:00:00+00:00,1
0,1163,2023-10-29 22:00:00+00:00,0
0,1164,2023-10-30 03:00:00+00:00,1
0,1165,2023-10-30 08:00:00+00:00,0
0,1166,2023-10-30 13:00:00+00:00,0
0,1167,2023-10-30 18:00:00+00:00,1
0,1168,2023-10-30 23:00:00+00:00,1
0,1169,2023-10-31 04:00:00+00:00,1
0,1170,2023-10-31 09:00:00+00:00,0
0,1171,2023-10-31 14:00:00+00:00,1
0,1172,2023-10-31 19:00:00+00:00,0
0,1173,2023-11-01 00:00:00+00:00,1
0,1174,2023-11-01 05:00:00+00:00,1
0,1175,2023-11-01 10:00:00+00:00,1
0,1176,2023-11-01 15:00:00+00:00,1
0,1177,2023-11-01 20:00:00+00:00,0
0,1178,2023-11-02 01:00:00+00:00,0
0,1179,2023-11-02 06:00:00+00:00,0
0,1180,2023-11-02 11:00:00+00:00,0
0,1181,2023-11-02 16:00:00+00:00,0
0,1182,2023-11-02 21:00:00+00:00,0
0,1183,2023-11-03 02:00:00+00:00,0
0,1184,2023-11-03 07:00:00+00:00,1
0,1185,2023-11-03 12:00:00+00:00,1
0,1186,2023-11-03 17:00:00+00:00,1
0,1187,2023-11-03 22:00:00+00:00,1
0,1188,2023-11-04 03:00:00+00:00,1
0,1189,2023-11-04 08:00:00+00:00,1
0,1190,2023-11-04 13:00:00+00:00,1
0,1191,2023-11-04 18:00:00+00:00,1
0,1192,2023-11-04 23:00:00+00:00,0
0,1193,2023-11-05 04:00:00+00:00,0
0,1194,2023-11-05 09:00:00+00:00,0
0,1195,2023-11-05 14:00:00+00:00,1
0,1196,2023-11-05 19:00:00+00:00,1
0,1197,2023-11-06 00:00:00+00:00,0
0,1198,2023-11-06 05:00:00+00:00,1
0,1199,2023-11-06 10:00:00+00:00,0
0,1200,2023-11-06 15:00:00+00:00,0
0,1201,2023-11-06 20:00:00+00:00,0
0,1202,2023-11-07 01:00:00+00:00,1
0,1203,2023-11-07 06:00:00+00:00,1
0,1204,2023-11-07 11:00:00+00:00,1
0,1205,2023-11-07 16:00:00+00:00,1
0,1206,2023-11-07 21:00:00+00:00,0
0,1207,2023-11-08 02:00:00+00:00,1
0,1208,2023-11-08 07:00:00+00:00,1
0,1209,2023-11-08 12:00:00+00:00,1
0,1210,2023-11-08 17:00:00+00:00,1
0,1211,2023-11-08 22:00:00+00:00,1
0,1212,2023-11-09 03:00:00+00:00,1
0,1213,2023-11-09 08:00:00+00:00,1
0,1214,2023-11-09 13:00:00+00:00,0
0,1215,2023-11-09 18:00:00+00:00,1
0,1216,2023-11-09 23:00:00+00:00,1
0,1217,2023-11-10 04:00:00+00:00,1
0,1218,2023-11-10 09:00:00+00:00,1
0,1219,2023-11-10 14:00:00+00:00,0
0,1220,2023-11-10 19:00:00+00:00,0
0,1221,2023-11-11 00:00:00+00:00,0
0,1222,2023-11-11 05:00:00+00:00,0
0,1223,2023-11-11 10:00:00+00:00,1
0,1224,2023-11-11 15:00:00+00:00,1
0,1225,2023-11-11 20:00:00+00:00,1
0,1226,2023-11-12 01:00:00+00:00,1
0,1227,2023-11-12 06:00:00+00:00,0
0,1228,2023-11-12 11:00:00+00:00,0
0,1229,2023-11-12 16:00:00+00:00,0
0,1230,2023-11-12 21:00:00+00:00,0
0,1231,2023-11-13 02:00:00+00:00,0
0,1232,2023-11-13 07:00:00+00:00,0
0,1233,2023-11-13 12:00:00+00:00,0
0,1234,2023-11-13 17:00:00+00:00,0
0,1235,2023-11-13 22:00:00+00:00,0
0,1236,2023-11-14 03:00:00+00:00,0
0,1237,2023-11-14 08:00:00+00:00,0
0,1238,2023-11-14 13:00:00+00:00,0
0,1239,2023-11-14 18:00:00+00:00,1
0,1240,2023-11-14 23:00:00+00:00,1
0,1241,2023-11-15 04:00:00+00:00,1
0,1242,2023-11-15 09:00:00+00:00,1
0,1243,2023-11-15 14:00:00+00:00,1
0,1244,2023-11-15 19:00:00+00:00,0
0,1245,2023-11-16 00:00:00+00:00,0
0,1246,2023-11-16 05:00:00+00:00,0
0,1247,2023-11-16 10:00:00+00:00,0
0,1248,2023-11-16 15:00:00+00:00,0
0,1249,2023-11-16 20:00:00+00:00,1
0,1250,2023-11-17 01:00:00+00:00,0
0,1251,2023-11-17 06:00:00+00:00,1
0,1252,2023-11-17 11:00:00+00:00,1
0,1253,2023-11-17 16:00:00+00:00,1
0,1254,2023-11-17 21:00:00+00:00,1
0,1255,2023-11-18 02:00:00+00:00,1
0,1256,2023-11-18 07:00:00+00:00,1
0,1257,2023-11-18 12:00:00+00:00,1
0,1258,2023-11-18 17:00:00+00:00,0
0,1259,2023-11-18 22:00:00+00:00,1
0,1260,2023-11-19 03:00:00+00:00,1
0,1261,2023-11-19 08:00:00+00:00,1
0,1262,2023-11-19 13:00:00+00:00,1
0,1263,2023-11-19 18:00:00+00:00,1
0,1264,2023-11-19 23:00:00+00:00,1
0,1265,2023-11-20 04:00:00+00:00,1
0,1266,2023-11-20 09:00:00+00:00,1
0,1267,2023-11-20 14:00:00+00:00,0
0,1268,2023-11-20 19:00:00+00:00,0
0,1269,2023-11-21 00:00:00+00:00,0
0,1270,2023-11-21 05:00:00+00:00,0
0,1271,2023-11-21 10:00:00+00:00,0
0,1272,2023-11-21 15:00:00+00:00,0
0,1273,2023-11-21 20:00:00+00:00,0
0,1274,2023-11-22 01:00:00+00:00,1
0,1275,2023-11-22 06:00:00+00:00,1
0,1276,2023-11-22 11:00:00+00:00,1
0,1277,2023-11-22 16:00:00+00:00,1
0,1278,2023-11-22 21:00:00+00:00,0
0,1279,2023-11-23 02:00:00+00:00,0
0,1280,2023-11-23 07:00:00+00:00,0
0,1281,2023-11-23 12:00:00+00:00,1
0,1282,2023-11-23 17:00:00+00:00,1
0,1283,2023-11-23 22:00:00+00:00,1
0,1284,2023-11-24 03:00:00+00:00,1
0,1285,2023-11-24 08:00:00+00:00,1
0,1286,2023-11-24 13:00:00+00:00,0
0,1287,2023-11-24 18:00:00+00:00,0
0,1288,2023-11-24 23:00:00+00:00,1
0,1289,2023-11-25 04:00:00+00:00,0
0,1290,2023-11-25 09:00:00+00:00,1
0,1291,2023-11-25 14:00:00+00:00,1
0,1292,2023-11-25 19:00:00+00:00,0
0,1293,2023-11-26 00:00:00+00:00,0
0,1294,2023-11-26 05:00:00+00:00,0
0,1295,2023-11-26 10:00:00+00:00,0
0,1296,2023-11-26 15:00:00+00:00,0
0,1297,2023-11-26 20:00:00+00:00,0
0,1298,2023-11-27 01:00:00+00:00,0
0,1299,2023-11-27 06:00:00+00:00,0
0,1300,2023-11-27 11:00:00+00:00,1
0,1301,2023-11-27 16:00:00+00:00,1
0,1302,2023-11-27 21:00:00+00:00,1
0,1303,2023-11-28 02:00:00+00:00,1
0,1304,2023-11-28 07:00:00+00:00,1
0,1305,2023-11-28 12:00:00+00:00,1
0,1306,2023-11-28 17:00:00+00:00,0
0,1307,2023-11-28 22:00:00+00:00,0
0,1308,2023-11-29 03:00:00+00:00,0
0,1309,2023-11-29 08:00:00+00:00,0
0,1310,2023-11-29 13:00:00+00:00,0
0,1311,2023-11-29 18:00:00+00:00,0
0,1312,2023-11-29 23:00:00+00:00,0
0,1313,2023-11-30 04:00:00+00:00,0
0,1314,2023-11-30 09:00:00+00:00,1
0,1315,2023-11-30 14:00:00+00:00,1
0,1316,2023-11-30 19:00:00+00:00,1
0,1317,2023-12-01 00:00:00+00:00,1
0,1318,2023-12-01 05:00:00+00:00,1
0,1319,2023-12-01 10:00:00+00:00,1
0,1320,2023-12-01 15:00:00+00:00,1
0,1321,2023-12-01 20:00:00+00:00,0
0,1322,2023-12-02 01:00:00+00:00,1
0,1323,2023-12-02 06:00:00+00:00,1
0,1324,2023-12-02 11:00:00+00:00,1
0,1325,2023-12-02 16:00:00+00:00,1
0,1326,2023-12-02 21:00:00+00:00,0
0,1327,2023-12-03 02:00:00+00:00,1
0,1328,2023-12-03 07:00:00+00:00,1
0,1329,2023-12-03 12:00:00+00:00,1
0,1330,2023-12-03 17:00:00+00:00,1
0,1331,2023-12-03 22:00:00+00:00,1
0,1332,2023-12-04 03:00:00+00:00,1
0,1333,2023-12-04 08:00:00+00:00,1
0,1334,2023-12-04 13:00:00+00:00,0
0,1335,2023-12-04 18:00:00+00:00,1
0,1336,2023-12-04 23:00:00+00:00,1
0,1337,2023-12-05 04:00:00+00:00,1
0,1338,2023-12-05 09:00:00+00:00,1
0,1339,2023-12-05 14:00:00+00:00,1
0,1340,2023-12-05 19:00:00+00:00,0
0,1341,2023-12-06 00:00:00+00:00,0
0,1342,2023-12-06 05:00:00+00:00,1
0,1343,2023-12-06 10:00:00+00:00,0
0,1344,2023-12-06 15:00:00+00:00,0
0,1345,2023-12-06 20:00:00+00:00,0
0,1346,2023-12-07 01:00:00+00:00,0
0,1347,2023-12-07 06:00:00+00:00,0
0,1348,2023-12-07 11:00:00+00:00,0
0,1349,2023-12-07 16:00:00+00:00,1
0,1350,2023-12-07 21:00:00+00:00,1
0,1351,2023-12-08 02:00:00+00:00,1
0,1352,2023-12-08 07:00:00+00:00,1
0,1353,2023-12-08 12:00:00+00:00,1
0,1354,2023-12-08 17:00:00+00:00,1
0,1355,2023-12-08 22:00:00+00:00,0
0,1356,2023-12-09 03:00:00+00:00,0
0,1357,2023-12-09 08:00:00+00:00,1
0,1358,2023-12-09 13:00:00+00:00,0
0,1359,2023-12-09 18:00:00+00:00,0
0,1360,2023-12-09 23:00:00+00:00,1
0,1361,2023-12-10 04:00:00+00:00,0
0,1362,2023-12-10 09:00:00+00:00,0
0,1363,2023-12-10 14:00:00+00:00,0
0,1364,2023-12-10 19:00:00+00:00,0
0,1365,2023-12-11 00:00:00+00:00,0
0,1366,2023-12-11 05:00:00+00:00,0
0,1367,2023-12-11 10:00:00+00:00,0
0,1368,2023-12-11 15:00:00+00:00,0
0,1369,2023-12-11 20:00:00+00:00,1
0,1370,2023-12-12 01:00:00+00:00,0
0,1371,2023-12-12 06:00:00+00:00,0
0,1372,2023-12-12 11:00:00+00:00,0
0,1373,2023-12-12 16:00:00+00:00,0
0,1374,2023-12-12 21:00:00+00:00,1
0,1375,2023-12-13 02:00:00+00:00,1
0,1376,2023-12-13 07:00:00+00:00,1
0,1377,2023-12-13 12:00:00+00:00,1
0,1378,2023-12-13 17:00:00+00:00,1
0,1379,2023-12-13 22:00:00+00:00,0
0,1380,2023-12-14 03:00:00+00:00,1
0,1381,2023-12-14 08:00:00+00:00,1
0,1382,2023-12-14 13:00:00+00:00,1
0,1383,2023-12-14 18:00:00+00:00,0
0,1384,2023-12-14 23:00:00+00:00,0
0,1385,2023-12-15 04:00:00+00:00,0
0,1386,2023-12-15 09:00:00+00:00,0
0,1387,2023-12-15 14:00:00+00:00,1
0,1388,2023-12-15 19:00:00+00:00,1
0,1389,2023-12-16 00:00:00+00:00,1
0,1390,2023-12-16 05:00:00+00:00,0
0,1391,2023-12-16 10:00:00+00:00,0
0,1392,2023-12-16 15:00:00+00:00,0
0,1393,2023-12-16 20:00:00+00:00,0
0,1394,2023-12-17 01:00:00+00:00,0
0,1395,2023-12-17 06:00:00+00:00,0
0,1396,2023-12-17 11:00:00+00:00,0
0,1397,2023-12-17 16:00:00+00:00,0
0,1398,2023-12-17 21:00:00+00:00,0
0,1399,2023-12-18 02:00:00+00:00,1
0,1400,2023-12-18 07:00:00+00:00,1
0,1401,2023-12-18 12:00:00+00:00,1
0,1402,2023-12-18 17:00:00+00:00,1
0,1403,2023-12-18 22:00:00+00:00,0
0,1404,2023-12-19 03:00:00+00:00,0
0,1405,2023-12-19 08:00:00+00:00,0
0,1406,2023-12-19 13:00:00+00:00,0
0,1407,2023-12-19 18:00:00+00:00,1
0,1408,2023-12-19 23:00:00+00:00,1
0,1409,2023-12-20 04:00:00+00:00,1
0,1410,2023-12-20 09:00:00+00:00,1
0,1411,2023-12-20 14:00:00+00:00,1
0,1412,2023-12-20 19:00:00+00:00,1
0,1413,2023-12-21 00:00:00+00:00,1
0,1414,2023-12-21 05:00:00+00:00,1
0,1415,2023-12-21 10:00:00+00:00,0
0,1416,2023-12-21 15:00:00+00:00,0
0,1417,2023-12-21 20:00:00+00:00,0
0,1418,2023-12-22 01:00:00+00:00,0
0,1419,2023-12-22 06:00:00+00:00,0
0,1420,2023-12-22 11:00:00+00:00,0
0,1421,2023-12-22 16:00:00+00:00,1
0,1422,2023-12-22 21:00:00+00:00,1
0,1423,2023-12-23 02:00:00+00:00,1
0,1424,2023-12-23 07:00:00+00:00,1
0,1425,2023-12-23 12:00:00+00:00,0
0,1426,2023-12-23 17:00:00+00:00,1
0,1427,2023-12-23 22:00:00+00:00,0
0,1428,2023-12-24 03:00:00+00:00,0
0,1429,2023-12-24 08:00:00+00:00,0
0,1430,2023-12-24 13:00:00+00:00,0
0,1431,2023-12-24 18:00:00+00:00,1
0,1432,2023-12-24 23:00:00+00:00,1
0,1433,2023-12-25 04:00:00+00:00,1
0,1434,2023-12-25 09:00:00+00:00,0
0,1435,2023-12-25 14:00:00+00:00,0
0,1436,2023-12-25 19:00:00+00:00,0
0,1437,2023-12-26 00:00:00+00:00,0
0,1438,2023-12-26 05:00:00+00:00,0
0,1439,2023-12-26 10:00:00+00:00,0
0,1440,2023-12-26 15:00:00+00:00,1
0,1441,2023-12-26 20:00:00+00:00,1
0,1442,2023-12-27 01:00:00+00:00,1
0,1443,2023-12-27 06:00:00+00:00,1
0,1444,2023-12-27 11:00:00+00:00,1
0,1445,2023-12-27 16:00:00+00:00,0
0,1446,2023-12-27 21:00:00+00:00,0
0,1447,2023-12-28 02:00:00+00:00,0
0,1448,2023-12-28 07:00:00+00:00,0
0,1449,2023-12-28 12:00:00+00:00,0
0,1450,2023-12-28 17:00:00+00:00,1
0,1451,2023-12-28 22:00:00+00:00,0
0,1452,2023-12-29 03:00:00+00:00,0
0,1453,2023-12-29 08:00:00+00:00,0
0,1454,2023-12-29 13:00:00+00:00,0
0,1455,2023-12-29 18:00:00+00:00,1
0,1456,2023-12-29 23:00:00+00:00,1
0,1457,2023-12-30 04:00:00+00:00,1
0,1458,2023-12-30 09:00:00+00:00,1
0,1459,2023-12-30 14:00:00+00:00,1
0,1460,2023-12-30 19:00:00+00:00,1
0,1461,2023-12-31 00:00:00+00:00,1
0,1462,2023-12-31 05:00:00+00:00,1
0,1463,2023-12-31 10:00:00+00:00,0
0,1464,2023-12-31 15:00:00+00:00,1
0,1465,2023-12-31 20:00:00+00:00,1
0,1466,2024-01-01 01:00:00+00:00,1
0,1467,2024-01-01 06:00:00+00:00,1
0,1468,2024-01-01 11:00:00+00:00,1
0,1469,2024-01-01 16:00:00+00:00,1
0,1470,2024-01-01 21:00:00+00:00,1
0,1471,2024-01-02 02:00:00+00:00,0
0,1472,2024-01-02 07:00:00+00:00,0
0,1473,2024-01-02 12:00:00+00:00,0
0,1474,2024-01-02 17:00:00+00:00,0
0,1475,2024-01-02 22:00:00+00:00,0
0,1476,2024-01-03 03:00:00+00:00,0
0,1477,2024-01-03 08:00:00+00:00,0
0,1478,2024-01-03 13:00:00+00:00,1
0,1479,2024-01-03 18:00:00+00:00,1
0,1480,2024-01-03 23:00:00+00:00,1
0,1481,2024-01-04 04:00:00+00:00,1
0,1482,2024-01-04 09:00:00+00:00,1
0,1483,2024-01-04 14:00:00+00:00,0
0,1484,2024-01-04 19:00:00+00:00,0
0,1485,2024-01-05 00:00:00+00:00,0
0,1486,2024-01-05 05:00:00+00:00,1
0,1487,2024-01-05 10:00:00+00:00,0
0,1488,2024-01-05 15:00:00+00:00,1
0,1489,2024-01-05 20:00:00+00:00,0
0,1490,2024-01-06 01:00:00+00:00,0
0,1491,2024-01-06 06:00:00+00:00,1
0,1492,2024-01-06 11:00:00+00:00,1
0,1493,2024-01-06 16:00:00+00:00,1
0,1494,2024-01-06 21:00:00+00:00,1
0,1495,2024-01-07 02:00:00+00:00,0
0,1496,2024-01-07 07:00:00+00:00,0
0,1497,2024-01-07 12:00:00+00:00,0
0,1498,2024-01-07 17:00:00+00:00,1
0,1499,2024-01-07 22:00:00+00:00,1
0,1500,2024-01-08 03:00:00+00:00,1
0,1501,2024-01-08 08:00:00+00:00,1
0,1502,2024-01-08 13:00:00+00:00,1
0,1503,2024-01-08 18:00:00+00:00,0
0,1504,2024-01-08 23:00:00+00:00,0
0,1505,2024-01-09 04:00:00+00:00,0
0,1506,2024-01-09 09:00:00+00:00,0
0,1507,2024-01-09 14:00:00+00:00,0
0,1508,2024-01-09 19:00:00+00:00,0
0,1509,2024-01-10 00:00:00+00:00,1
0,1510,2024-01-10 05:00:00+00:00,1
0,1511,2024-01-10 10:00:00+00:00,1
0,1512,2024-01-10 15:00:00+00:00,1
0,1513,2024-01-10 20:00:00+00:00,0
0,1514,2024-01-11 01:00:00+00:00,0
0,1515,2024-01-11 06:00:00+00:00,1
0,1516,2024-01-11 11:00:00+00:00,0
0,1517,2024-01-11 16:00:00+00:00,0
0,1518,2024-01-11 21:00:00+00:00,0
0,1519,2024-01-12 02:00:00+00:00,0
0,1520,2024-01-12 07:00:00+00:00,0
0,1521,2024-01-12 12:00:00+00:00,0
0,1522,2024-01-12 17:00:00+00:00,0
0,1523,2024-01-12 22:00:00+00:00,1
0,1524,2024-01-13 03:00:00+00:00,1
0,1525,2024-01-13 08:00:00+00:00,0
0,1526,2024-01-13 13:00:00+00:00,1
0,1527,2024-01-13 18:00:00+00:00,1
0,1528,2024-01-13 23:00:00+00:00,0
0,1529,2024-01-14 04:00:00+00:00,0
0,1530,2024-01-14 09:00:00+00:00,0
0,1531,2024-01-14 14:00:00+00:00,0
0,1532,2024-01-14 19:00:00+00:00,0
0,1533,2024-01-15 00:00:00+00:00,1
0,1534,2024-01-15 05:00:00+00:00,0
0,1535,2024-01-15 10:00:00+00:00,1
0,1536,2024-01-15 15:00:00+00:00,1
0,1537,2024-01-15 20:00:00+00:00,1
0,1538,2024-01-16 01:00:00+00:00,1
0,1539,2024-01-16 06:00:00+00:00,1
0,1540,2024-01-16 11:00:00+00:00,0
0,1541,2024-01-16 16:00:00+00:00,0
0,1542,2024-01-16 21:00:00+00:00,0
0,1543,2024-01-17 02:00:00+00:00,0
0,1544,2024-01-17 07:00:00+00:00,0
0,1545,2024-01-17 12:00:00+00:00,0
0,1546,2024-01-17 17:00:00+00:00,1
0,1547,2024-01-17 22:00:00+00:00,0
0,1548,2024-01-18 03:00:00+00:00,0
0,1549,2024-01-18 08:00:00+00:00,0
0,1550,2024-01-18 13:00:00+00:00,0
0,1551,2024-01-18 18:00:00+00:00,0
0,1552,2024-01-18 23:00:00+00:00,1
0,1553,2024-01-19 04:00:00+00:00,1
0,1554,2024-01-19 09:00:00+00:00,1
0,1555,2024-01-19 14:00:00+00:00,1
0,1556,2024-01-19 19:00:00+00:00,0
0,1557,2024-01-20 00:00:00+00:00,1
0,1558,2024-01-20 05:00:00+00:00,1
0,1559,2024-01-20 10:00:00+00:00,1
0,1560,2024-01-20 15:00:00+00:00,1
0,1561,2024-01-20 20:00:00+00:00,0
0,1562,2024-01-21 01:00:00+00:00,1
0,1563,2024-01-21 06:00:00+00:00,0
0,1564,2024-01-21 11:00:00+00:00,0
0,1565,2024-01-21 16:00:00+00:00,0
0,1566,2024-01-21 21:00:00+00:00,0
0,1567,2024-01-22 02:00:00+00:00,0
0,1568,2024-01-22 07:00:00+00:00,0
0,1569,2024-01-22 12:00:00+00:00,0
0,1570,2024-01-22 17:00:00+00:00,0
0,1571,2024-01-22 22:00:00+00:00,0
0,1572,2024-01-23 03:00:00+00:00,0
0,1573,2024-01-23 08:00:00+00:00,1
0,1574,2024-01-23 13:00:00+00:00,1
0,1575,2024-01-23 18:00:00+00:00,1
0,1576,2024-01-23 23:00:00+00:00,0
0,1577,2024-01-24 04:00:00+00:00,1
0,1578,2024-01-24 09:00:00+00:00,0
0,1579,2024-01-24 14:00:00+00:00,1
0,1580,2024-01-24 19:00:00+00:00,0
0,1581,2024-01-25 00:00:00+00:00,0
0,1582,2024-01-25 05:00:00+00:00,1
0,1583,2024-01-25 10:00:00+00:00,0
0,1584,2024-01-25 15:00:00+00:00,1
0,1585,2024-01-25 20:00:00+00:00,1
0,1586,2024-01-26 01:00:00+00:00,1
0,1587,2024-01-26 06:00:00+00:00,1
0,1588,2024-01-26 11:00:00+00:00,1
0,1589,2024-01-26 16:00:00+00:00,0
0,1590,2024-01-26 21:00:00+00:00,0
0,1591,2024-01-27 02:00:00+00:00,1
0,1592,2024-01-27 07:00:00+00:00,1
0,1593,2024-01-27 12:00:00+00:00,1
0,1594,2024-01-27 17:00:00+00:00,1
0,1595,2024-01-27 22:00:00+00:00,0
0,1596,2024-01-28 03:00:00+00:00,0
0,1597,2024-01-28 08:00:00+00:00,0
0,1598,2024-01-28 13:00:00+00:00,0
0,1599,2024-01-28 18:00:00+00:00,0
0,1600,2024-01-28 23:00:00+00:00,1
0,1601,2024-01-29 04:00:00+00:00,1
0,1602,2024-01-29 09:00:00+00:00,1
0,1603,2024-01-29 14:00:00+00:00,1
0,1604,2024-01-29 19:00:00+00:00,1
0,1605,2024-01-30 00:00:00+00:00,1
0,1606,2024-01-30 05:00:00+00:00,0
0,1607,2024-01-30 10:00:00+00:00,0
0,1608,2024-01-30 15:00:00+00:00,0
0,1609,2024-01-30 20:00:00+00:00,0
0,1610,2024-01-31 01:00:00+00:00,0
0,1611,2024-01-31 06:00:00+00:00,0
0,1612,2024-01-31 11:00:00+00:00,0
0,1613,2024-01-31 16:00:00+00:00,0
0,1614,2024-01-31 21:00:00+00:00,1
